{"cameraMode":{"drawMode":0,"name":"Shaded","section":"Shading Mode"},"sceneLighting":true,"audioPlay":false,"sceneViewState":{"showFog":true,"showMaterialUpdate":true,"showSkybox":true,"showFlares":true,"showImageEffects":true,"showParticleSystems":true},"in2DMode":false,"pivot":{"x":-4.695646286010742,"y":-2.099698305130005,"z":-9.214521408081055},"rotation":{"x":-0.037143953144550326,"y":0.9615020155906677,"z":-0.16486388444900514,"w":-0.2167288362979889},"size":9.12024974822998,"orthographic":false}