{"cameraMode":{"drawMode":0,"name":"Shaded","section":"Shading Mode"},"sceneLighting":true,"audioPlay":false,"sceneViewState":{"showFog":true,"showMaterialUpdate":true,"showSkybox":true,"showFlares":true,"showImageEffects":true,"showParticleSystems":true},"in2DMode":false,"pivot":{"x":-5.192249298095703,"y":-2.1743595600128176,"z":-8.949895858764649},"rotation":{"x":-0.037143953144550326,"y":0.9615020155906677,"z":-0.16486388444900514,"w":-0.2167288362979889},"size":9.68087387084961,"orthographic":false}