{"cameraMode":{"drawMode":0,"name":"Shaded","section":"Shading Mode"},"sceneLighting":false,"audioPlay":false,"sceneViewState":{"showFog":true,"showMaterialUpdate":true,"showSkybox":false,"showFlares":true,"showImageEffects":true,"showParticleSystems":true},"in2DMode":false,"pivot":{"x":0.0,"y":5.664999485015869,"z":-0.21000003814697267},"rotation":{"x":-0.037143953144550326,"y":0.9615020155906677,"z":-0.16486388444900514,"w":-0.2167288362979889},"size":6.223593711853027,"orthographic":false}